{"cameraMode":{"drawMode":0,"name":"Shaded","section":"Shading Mode"},"sceneLighting":true,"audioPlay":false,"sceneViewState":{"m_AlwaysRefresh":false,"showFog":true,"showSkybox":true,"showFlares":true,"showImageEffects":true,"showParticleSystems":true,"showVisualEffectGraphs":true,"m_FxEnabled":true},"in2DMode":false,"pivot":{"x":8.662318229675293,"y":1.4361801147460938,"z":-15.329401969909668},"rotation":{"x":0.01608242094516754,"y":0.6416071057319641,"z":-0.009350595995783806,"w":0.7687788605690002},"size":7.586129188537598,"orthographic":false}